style,country,points
Altbier / Sticke Alt,Germany,74.0
Altbier / Sticke Alt,United States of America,63.0
Altbier / Sticke Alt,Canada,18.0
Altbier / Sticke Alt,Netherlands,10.0
Altbier / Sticke Alt,Italy,3.0
Altbier / Sticke Alt,Norway,3.0
Altbier / Sticke Alt,Ukraine,3.0
Amber Lager - Czech / Polotmavý,Czechia,127.0
Amber Lager - Czech / Polotmavý,Slovakia,13.0
Amber Lager - Czech / Polotmavý,United States of America,10.0
Amber Lager - Czech / Polotmavý,Canada,7.0
Amber Lager - Czech / Polotmavý,Poland,3.0
Amber Lager - Czech / Polotmavý,Sweden,3.0
Amber Lager - International / Vienna,United States of America,89.0
Amber Lager - International / Vienna,United Kingdom,20.0
Amber Lager - International / Vienna,Denmark,7.0
Amber Lager - International / Vienna,Germany,7.0
Amber Lager - International / Vienna,Italy,7.0
Amber Lager - International / Vienna,Japan,7.0
Amber Lager - International / Vienna,Spain,7.0
Amber Lager - International / Vienna,Sweden,7.0
Amber Lager - International / Vienna,Australia,4.0
Amber Lager - International / Vienna,Austria,3.0
Amber Lager - International / Vienna,Brazil,3.0
Amber Lager - International / Vienna,Canada,3.0
Amber Lager - International / Vienna,Czechia,3.0
Amber Lager - International / Vienna,Netherlands,3.0
Apple Cider,France,55.0
Apple Cider,United States of America,54.0
Apple Cider,Canada,25.0
Apple Cider,United Kingdom,18.0
Apple Cider,Poland,7.0
Apple Cider,Switzerland,7.0
Apple Cider,Ireland,4.0
Apple Cider,Italy,4.0
Apple Cider,Spain,4.0
Apple Cider,Sweden,4.0
Apple Cider - Flavored,United States of America,139.0
Apple Cider - Flavored,Canada,18.0
Apple Cider - Flavored,New Zealand,11.0
Apple Cider - Flavored,Belgium,4.0
Apple Cider - Flavored,Norway,4.0
Apple Cider - Flavored,United Kingdom,3.0
Apple Cider - Hopped / Malted / Graf,United States of America,77.0
Apple Cider - Hopped / Malted / Graf,Canada,20.0
Apple Cider - Hopped / Malted / Graf,Austria,17.0
Apple Cider - Hopped / Malted / Graf,United Kingdom,17.0
Apple Cider - Hopped / Malted / Graf,New Zealand,10.0
Apple Cider - Hopped / Malted / Graf,Poland,7.0
Apple Cider - Hopped / Malted / Graf,Denmark,3.0
Apple Cider - Hopped / Malted / Graf,Estonia,3.0
Apple Cider - Hopped / Malted / Graf,Latvia,3.0
Apple Cider - Hopped / Malted / Graf,Luxembourg,3.0
Apple Cider - Hopped / Malted / Graf,Netherlands,3.0
Apple Cider - Hopped / Malted / Graf,Spain,3.0
Apple Cider - Ice / Fire / Fortified,Canada,105.0
Apple Cider - Ice / Fire / Fortified,United States of America,35.0
Apple Cider - Ice / Fire / Fortified,Poland,19.0
Apple Cider - Ice / Fire / Fortified,Sweden,19.0
Apple Cider - Ice / Fire / Fortified,United Kingdom,8.0
Apple Cider - Ice / Fire / Fortified,France,4.0
Apple Cider - Ice / Fire / Fortified,Norway,4.0
Barley Wine / Wheat Wine / Rye Wine,United States of America,146.0
Barley Wine / Wheat Wine / Rye Wine,Italy,17.0
Barley Wine / Wheat Wine / Rye Wine,Netherlands,12.0
Barley Wine / Wheat Wine / Rye Wine,Norway,12.0
Barley Wine / Wheat Wine / Rye Wine,Austria,4.0
Barley Wine / Wheat Wine / Rye Wine,Denmark,4.0
Barley Wine / Wheat Wine / Rye Wine,Estonia,4.0
Barley Wine / Wheat Wine / Rye Wine,Sweden,4.0
Belgian Ale - Dark / Amber,Belgium,80.0
Belgian Ale - Dark / Amber,United States of America,71.0
Belgian Ale - Dark / Amber,Denmark,7.0
Belgian Ale - Dark / Amber,Italy,7.0
Belgian Ale - Dark / Amber,Netherlands,4.0
Belgian Ale - Dark / Amber,Austria,3.0
Belgian Ale - Dark / Amber,France,3.0
Belgian Ale - Pale / Golden / Single,United States of America,81.0
Belgian Ale - Pale / Golden / Single,Belgium,56.0
Belgian Ale - Pale / Golden / Single,Canada,18.0
Belgian Ale - Pale / Golden / Single,Italy,11.0
Belgian Ale - Pale / Golden / Single,Norway,4.0
Belgian Ale - Pale / Golden / Single,Poland,4.0
Belgian Ale - Pale / Golden / Single,Romania,4.0
Belgian Ale - Pale / Golden / Single,Switzerland,4.0
Belgian Ale - Pale / Golden / Single,United Kingdom,4.0
Belgian Ale - Strong Dark,Belgium,121.0
Belgian Ale - Strong Dark,United States of America,54.0
Belgian Ale - Strong Dark,Canada,12.0
Belgian Ale - Strong Dark,Denmark,4.0
Belgian Ale - Strong Dark,Italy,4.0
Belgian Ale - Strong Pale,Belgium,72.0
Belgian Ale - Strong Pale,United States of America,67.0
Belgian Ale - Strong Pale,Canada,23.0
Belgian Ale - Strong Pale,Denmark,15.0
Belgian Ale - Strong Pale,Czechia,4.0
Belgian Ale - Strong Pale,Italy,4.0
Belgian Ale - Strong Pale,Poland,4.0
Berliner Weisse,United States of America,127.0
Berliner Weisse,Canada,22.0
Berliner Weisse,Germany,11.0
Berliner Weisse,United Kingdom,11.0
Berliner Weisse,Poland,7.0
Berliner Weisse,Ireland,4.0
Berliner Weisse - Flavored / Catharina Sour,United States of America,117.0
Berliner Weisse - Flavored / Catharina Sour,Canada,23.0
Berliner Weisse - Flavored / Catharina Sour,Sweden,23.0
Berliner Weisse - Flavored / Catharina Sour,Denmark,11.0
Berliner Weisse - Flavored / Catharina Sour,Australia,4.0
Berliner Weisse - Flavored / Catharina Sour,Czechia,4.0
Berliner Weisse - Flavored / Catharina Sour,Poland,4.0
Berliner Weisse - Flavored / Catharina Sour,United Kingdom,4.0
Bitter - Ordinary / Best,United Kingdom,72.0
Bitter - Ordinary / Best,Canada,31.0
Bitter - Ordinary / Best,United States of America,31.0
Bitter - Ordinary / Best,New Zealand,10.0
Bitter - Ordinary / Best,Japan,7.0
Bitter - Ordinary / Best,Sweden,7.0
Bitter - Ordinary / Best,Australia,3.0
Bitter - Ordinary / Best,Finland,3.0
Bitter - Ordinary / Best,Italy,3.0
Bitter - Ordinary / Best,Poland,3.0
Bitter - Premium / Strong / Extra Special (ESB),United States of America,74.0
Bitter - Premium / Strong / Extra Special (ESB),United Kingdom,39.0
Bitter - Premium / Strong / Extra Special (ESB),Canada,29.0
Bitter - Premium / Strong / Extra Special (ESB),New Zealand,7.0
Bitter - Premium / Strong / Extra Special (ESB),Sweden,7.0
Bitter - Premium / Strong / Extra Special (ESB),Luxembourg,4.0
Bitter - Premium / Strong / Extra Special (ESB),Norway,4.0
Bitter - Premium / Strong / Extra Special (ESB),Poland,4.0
Bitter - Premium / Strong / Extra Special (ESB),Belgium,3.0
Bitter - Premium / Strong / Extra Special (ESB),Czechia,3.0
Bitter - Premium / Strong / Extra Special (ESB),France,3.0
Bière de Garde / de Mars / Brut,United States of America,136.0
Bière de Garde / de Mars / Brut,France,14.0
Bière de Garde / de Mars / Brut,Canada,7.0
Bière de Garde / de Mars / Brut,United Kingdom,7.0
Bière de Garde / de Mars / Brut,Belgium,4.0
Bière de Garde / de Mars / Brut,Germany,4.0
Bière de Garde / de Mars / Brut,Netherlands,4.0
Bière de Garde / de Mars / Brut,Poland,4.0
Blonde Ale / Golden Ale,United States of America,73.0
Blonde Ale / Golden Ale,United Kingdom,71.0
Blonde Ale / Golden Ale,Italy,18.0
Blonde Ale / Golden Ale,Canada,7.0
Blonde Ale / Golden Ale,France,4.0
Blonde Ale / Golden Ale,Netherlands,4.0
Blonde Ale / Golden Ale,Poland,4.0
Bock - Doppelbock,United States of America,77.0
Bock - Doppelbock,Germany,45.0
Bock - Doppelbock,Netherlands,18.0
Bock - Doppelbock,Canada,15.0
Bock - Doppelbock,Austria,11.0
Bock - Doppelbock,Norway,7.0
Bock - Doppelbock,Denmark,4.0
Bock - Doppelbock,Italy,4.0
Bock - Doppelbock,New Zealand,4.0
Bock - Dunkler Bock,Germany,52.0
Bock - Dunkler Bock,United States of America,49.0
Bock - Dunkler Bock,Netherlands,21.0
Bock - Dunkler Bock,Belgium,7.0
Bock - Dunkler Bock,Canada,7.0
Bock - Dunkler Bock,Czechia,7.0
Bock - Dunkler Bock,Sweden,7.0
Bock - Dunkler Bock,Australia,4.0
Bock - Dunkler Bock,Austria,4.0
Bock - Dunkler Bock,Hungary,4.0
Bock - Dunkler Bock,Slovakia,4.0
Bock - Dunkler Bock,Japan,3.0
Bock - Dunkler Bock,Norway,3.0
Bock - Dunkler Bock,Poland,3.0
Bock - Eisbock,Netherlands,70.0
Bock - Eisbock,United States of America,38.0
Bock - Eisbock,Germany,22.0
Bock - Eisbock,Poland,19.0
Bock - Eisbock,Austria,11.0
Bock - Eisbock,Canada,7.0
Bock - Eisbock,Slovakia,7.0
Bock - Eisbock,Belgium,4.0
Bock - Eisbock,Russia,4.0
Bock - Eisbock,United Kingdom,4.0
Bock - Heller Bock / Maibock,Germany,76.0
Bock - Heller Bock / Maibock,United States of America,42.0
Bock - Heller Bock / Maibock,Netherlands,10.0
Bock - Heller Bock / Maibock,Czechia,7.0
Bock - Heller Bock / Maibock,Italy,7.0
Bock - Heller Bock / Maibock,Poland,7.0
Bock - Heller Bock / Maibock,Sweden,7.0
Bock - Heller Bock / Maibock,Hungary,4.0
Bock - Heller Bock / Maibock,United Kingdom,4.0
Bock - Heller Bock / Maibock,Austria,3.0
Bock - Heller Bock / Maibock,Estonia,3.0
Bock - Heller Bock / Maibock,Norway,3.0
Brown Ale,United States of America,143.0
Brown Ale,Denmark,15.0
Brown Ale,Canada,7.0
Brown Ale,United Kingdom,7.0
Brown Ale,Germany,4.0
Brown Ale,New Zealand,4.0
Brown Ale,Poland,4.0
Brown Ale - Imperial,United States of America,133.0
Brown Ale - Imperial,United Kingdom,19.0
Brown Ale - Imperial,Poland,16.0
Brown Ale - Imperial,Denmark,7.0
Brown Ale - Imperial,Norway,7.0
Brown Ale - Imperial,Australia,4.0
Brown Ale - Imperial,Netherlands,4.0
California Common / Steam Beer,United States of America,93.0
California Common / Steam Beer,Denmark,20.0
California Common / Steam Beer,Netherlands,14.0
California Common / Steam Beer,United Kingdom,13.0
California Common / Steam Beer,Spain,10.0
California Common / Steam Beer,Canada,7.0
California Common / Steam Beer,Croatia,3.0
California Common / Steam Beer,France,3.0
California Common / Steam Beer,Switzerland,3.0
Cream Ale,United States of America,102.0
Cream Ale,Denmark,34.0
Cream Ale,United Kingdom,14.0
Cream Ale,Canada,10.0
Cream Ale,Belgium,4.0
Cream Ale,Serbia,3.0
Cream Ale,Sweden,3.0
Dark Lager - Dunkel / Tmavý,United States of America,50.0
Dark Lager - Dunkel / Tmavý,Czechia,39.0
Dark Lager - Dunkel / Tmavý,Germany,36.0
Dark Lager - Dunkel / Tmavý,Canada,25.0
Dark Lager - Dunkel / Tmavý,Slovakia,11.0
Dark Lager - Dunkel / Tmavý,Poland,7.0
Dark Lager - Dunkel / Tmavý,United Kingdom,7.0
Dark Lager - Dunkel / Tmavý,Austria,3.0
Dark Lager - India / Hoppy,United States of America,58.0
Dark Lager - India / Hoppy,Sweden,10.0
Dark Lager - India / Hoppy,Canada,7.0
Dark Lager - India / Hoppy,United Kingdom,7.0
Dark Lager - India / Hoppy,Spain,6.0
Dark Lager - India / Hoppy,Italy,4.0
Dark Lager - India / Hoppy,Czechia,3.0
Dark Lager - India / Hoppy,Germany,3.0
Dark Lager - India / Hoppy,Poland,3.0
Dark Lager - International / Premium,United States of America,47.0
Dark Lager - International / Premium,Canada,9.0
Dark Lager - International / Premium,Australia,7.0
Dark Lager - International / Premium,France,7.0
Dark Lager - International / Premium,Finland,6.0
Dark Lager - International / Premium,Japan,6.0
Dark Lager - International / Premium,Norway,6.0
Dark Lager - International / Premium,Estonia,5.0
Dark Lager - International / Premium,Belgium,3.0
Dark Lager - International / Premium,Brazil,3.0
Dark Lager - International / Premium,Denmark,3.0
Dark Lager - International / Premium,Germany,3.0
Dark Lager - International / Premium,Greece,3.0
Dark Lager - International / Premium,Laos,3.0
Dark Lager - International / Premium,Lebanon,3.0
Dark Lager - International / Premium,Mexico,3.0
Dark Lager - International / Premium,Netherlands,3.0
Dark Lager - International / Premium,New Zealand,3.0
Dark Lager - International / Premium,Peru,3.0
Dark Lager - International / Premium,Philippines,3.0
Dark Lager - International / Premium,Poland,3.0
Dark Lager - International / Premium,Romania,3.0
Dark Lager - International / Premium,Russia,3.0
Dark Lager - International / Premium,Rwanda,3.0
Dark Lager - International / Premium,Spain,3.0
Dark Lager - International / Premium,Turkey,3.0
Dark Lager - International / Premium,Ukraine,3.0
Dark Lager - International / Premium,Sweden,2.0
Dubbel,United States of America,84.0
Dubbel,Belgium,44.0
Dubbel,Canada,22.0
Dubbel,Netherlands,7.0
Dubbel,New Zealand,7.0
Dubbel,Norway,7.0
Dubbel,Denmark,4.0
Dubbel,Italy,4.0
Dubbel,Switzerland,4.0
Flavored - Chili / Peppers,United States of America,98.0
Flavored - Chili / Peppers,Denmark,23.0
Flavored - Chili / Peppers,United Kingdom,14.0
Flavored - Chili / Peppers,Netherlands,10.0
Flavored - Chili / Peppers,Czechia,7.0
Flavored - Chili / Peppers,Poland,7.0
Flavored - Chili / Peppers,Spain,4.0
Flavored - Chili / Peppers,Sweden,4.0
Flavored - Chili / Peppers,Latvia,3.0
Flavored - Chili / Peppers,Russia,3.0
Flavored - Fruit,United States of America,108.0
Flavored - Fruit,Denmark,22.0
Flavored - Fruit,Belgium,11.0
Flavored - Fruit,Poland,11.0
Flavored - Fruit,Canada,7.0
Flavored - Fruit,New Zealand,7.0
Flavored - Fruit,Australia,4.0
Flavored - Fruit,Italy,4.0
Flavored - Fruit,Russia,4.0
Flavored - Fruit,Spain,4.0
Flavored - Fruit,United Kingdom,4.0
Flavored - Other,United States of America,137.0
Flavored - Other,Canada,11.0
Flavored - Other,New Zealand,8.0
Flavored - Other,Denmark,7.0
Flavored - Other,Belgium,4.0
Flavored - Other,Japan,4.0
Flavored - Other,Luxembourg,4.0
Flavored - Other,Norway,4.0
Flavored - Other,Poland,4.0
Flavored - Pumpkin / Vegetables,United States of America,173.0
Flavored - Pumpkin / Vegetables,Canada,7.0
Flavored - Pumpkin / Vegetables,Hungary,4.0
Gose,United States of America,144.0
Gose,Canada,7.0
Gose,Italy,7.0
Gose,Sweden,7.0
Gose,Czechia,4.0
Gose,Germany,4.0
Gose,Norway,3.0
Gose,Poland,3.0
Gose - Flavored,United States of America,113.0
Gose - Flavored,Sweden,30.0
Gose - Flavored,Poland,23.0
Gose - Flavored,United Kingdom,19.0
Gose - Flavored,Slovakia,4.0
Gotlandsdricka / Koduõlu / Sahti,Finland,47.0
Gotlandsdricka / Koduõlu / Sahti,United States of America,41.0
Gotlandsdricka / Koduõlu / Sahti,Poland,20.0
Gotlandsdricka / Koduõlu / Sahti,Sweden,17.0
Gotlandsdricka / Koduõlu / Sahti,Estonia,16.0
Gotlandsdricka / Koduõlu / Sahti,Belgium,7.0
Gotlandsdricka / Koduõlu / Sahti,Netherlands,7.0
Gotlandsdricka / Koduõlu / Sahti,Slovakia,7.0
Gotlandsdricka / Koduõlu / Sahti,United Kingdom,7.0
Grodziskie / Grätzer / Lichtenhainer,United States of America,73.0
Grodziskie / Grätzer / Lichtenhainer,Poland,57.0
Grodziskie / Grätzer / Lichtenhainer,Canada,14.0
Grodziskie / Grätzer / Lichtenhainer,Germany,10.0
Grodziskie / Grätzer / Lichtenhainer,Russia,4.0
Grodziskie / Grätzer / Lichtenhainer,Slovakia,4.0
Grodziskie / Grätzer / Lichtenhainer,United Kingdom,4.0
Grodziskie / Grätzer / Lichtenhainer,Czechia,3.0
Grodziskie / Grätzer / Lichtenhainer,Denmark,3.0
Grodziskie / Grätzer / Lichtenhainer,Italy,3.0
Gruit,United States of America,47.0
Gruit,Canada,30.0
Gruit,Germany,20.0
Gruit,Belgium,13.0
Gruit,Netherlands,10.0
Gruit,Estonia,7.0
Gruit,Lithuania,7.0
Gruit,Poland,7.0
Gruit,Sweden,7.0
Gruit,United Kingdom,7.0
Gruit,France,3.0
Gruit,Ireland,3.0
Gruit,Russia,3.0
Gruit,Spain,3.0
Helles / Dortmunder Export,United States of America,87.0
Helles / Dortmunder Export,Germany,35.0
Helles / Dortmunder Export,Canada,21.0
Helles / Dortmunder Export,Sweden,10.0
Helles / Dortmunder Export,United Kingdom,7.0
Helles / Dortmunder Export,Spain,4.0
Helles / Dortmunder Export,Austria,3.0
Helles / Dortmunder Export,Italy,3.0
Helles / Dortmunder Export,New Zealand,3.0
IIPA DIPA - Imperial / Double Hazy (NEIPA),United States of America,162.0
IIPA DIPA - Imperial / Double Hazy (NEIPA),United Kingdom,32.0
IIPA DIPA - Imperial / Double Hazy (NEIPA),Canada,4.0
IIPA DIPA - Imperial / Double Hazy (NEIPA),Poland,4.0
IIPA DIPA - Imperial / Double IPA,United States of America,169.0
IIPA DIPA - Imperial / Double IPA,United Kingdom,16.0
IIPA DIPA - Imperial / Double IPA,Canada,8.0
IIPA DIPA - Imperial / Double IPA,Croatia,4.0
IIPA DIPA - Imperial / Double IPA,New Zealand,4.0
IPA,United States of America,125.0
IPA,Canada,31.0
IPA,United Kingdom,12.0
IPA,Denmark,8.0
IPA,New Zealand,8.0
IPA,Croatia,4.0
IPA,Greece,4.0
IPA,Poland,4.0
IPA - Belgian / Saison,Belgium,75.0
IPA - Belgian / Saison,United States of America,65.0
IPA - Belgian / Saison,Canada,18.0
IPA - Belgian / Saison,Denmark,7.0
IPA - Belgian / Saison,Ireland,4.0
IPA - Belgian / Saison,Italy,4.0
IPA - Belgian / Saison,Netherlands,4.0
IPA - Belgian / Saison,United Kingdom,4.0
IPA - Black / Brown / Cascadian Dark,United States of America,62.0
IPA - Black / Brown / Cascadian Dark,Poland,38.0
IPA - Black / Brown / Cascadian Dark,United Kingdom,38.0
IPA - Black / Brown / Cascadian Dark,Denmark,15.0
IPA - Black / Brown / Cascadian Dark,Canada,8.0
IPA - Black / Brown / Cascadian Dark,Germany,8.0
IPA - Black / Brown / Cascadian Dark,Australia,4.0
IPA - Black / Brown / Cascadian Dark,Austria,4.0
IPA - Black / Brown / Cascadian Dark,France,4.0
IPA - Black / Brown / Cascadian Dark,Netherlands,4.0
IPA - Black / Brown / Cascadian Dark,Slovenia,4.0
IPA - Black / Brown / Cascadian Dark,Switzerland,4.0
IPA - Brut,United Kingdom,60.0
IPA - Brut,United States of America,32.0
IPA - Brut,Netherlands,21.0
IPA - Brut,Canada,11.0
IPA - Brut,Czechia,7.0
IPA - Brut,New Zealand,7.0
IPA - Brut,Poland,7.0
IPA - Brut,Austria,4.0
IPA - Brut,Belgium,4.0
IPA - Brut,China,4.0
IPA - Brut,France,4.0
IPA - Brut,Germany,4.0
IPA - Brut,Romania,4.0
IPA - Brut,Slovenia,4.0
IPA - Brut,Australia,3.0
IPA - Brut,Spain,3.0
IPA - English,United Kingdom,66.0
IPA - English,United States of America,48.0
IPA - English,Canada,14.0
IPA - English,Belgium,7.0
IPA - English,Japan,7.0
IPA - English,Netherlands,7.0
IPA - English,Australia,4.0
IPA - English,Czechia,4.0
IPA - English,Austria,3.0
IPA - English,Germany,3.0
IPA - English,Italy,3.0
IPA - English,New Zealand,3.0
IPA - English,Poland,3.0
IPA - Flavored,United States of America,129.0
IPA - Flavored,United Kingdom,19.0
IPA - Flavored,Canada,15.0
IPA - Flavored,Australia,11.0
IPA - Flavored,Belgium,4.0
IPA - Flavored,Luxembourg,4.0
IPA - Flavored,New Zealand,4.0
IPA - Flavored,Sweden,4.0
IPA - Hazy / New England (NEIPA),United States of America,143.0
IPA - Hazy / New England (NEIPA),Canada,16.0
IPA - Hazy / New England (NEIPA),United Kingdom,16.0
IPA - Hazy / New England (NEIPA),Sweden,12.0
IPA - Hazy / New England (NEIPA),Italy,4.0
IPA - Hazy / New England (NEIPA),New Zealand,4.0
IPA - Hazy / New England (NEIPA),Spain,4.0
IPA - Milkshake / Smoothie,United States of America,67.0
IPA - Milkshake / Smoothie,United Kingdom,37.0
IPA - Milkshake / Smoothie,Canada,33.0
IPA - Milkshake / Smoothie,Australia,11.0
IPA - Milkshake / Smoothie,Spain,7.0
IPA - Milkshake / Smoothie,Sweden,7.0
IPA - Milkshake / Smoothie,Belgium,4.0
IPA - Milkshake / Smoothie,Croatia,4.0
IPA - Milkshake / Smoothie,Czechia,4.0
IPA - Milkshake / Smoothie,Finland,4.0
IPA - Milkshake / Smoothie,Germany,4.0
IPA - Milkshake / Smoothie,Poland,4.0
IPA - Red,United States of America,66.0
IPA - Red,Australia,37.0
IPA - Red,New Zealand,18.0
IPA - Red,United Kingdom,15.0
IPA - Red,Belgium,7.0
IPA - Red,Poland,7.0
IPA - Red,Canada,4.0
IPA - Red,Croatia,4.0
IPA - Red,Czechia,4.0
IPA - Red,Denmark,4.0
IPA - Red,Hungary,4.0
IPA - Red,Ireland,4.0
IPA - Red,Netherlands,4.0
IPA - Red,Russia,4.0
IPA - Red,Spain,4.0
IPA - Rye,United States of America,123.0
IPA - Rye,United Kingdom,19.0
IPA - Rye,Poland,15.0
IPA - Rye,Canada,7.0
IPA - Rye,Australia,4.0
IPA - Rye,Czechia,4.0
IPA - Rye,Denmark,4.0
IPA - Rye,Japan,4.0
IPA - Rye,Norway,4.0
IPA - Rye,Spain,4.0
IPA - Sour / Wild,United States of America,105.0
IPA - Sour / Wild,Canada,27.0
IPA - Sour / Wild,Poland,23.0
IPA - Sour / Wild,United Kingdom,19.0
IPA - Sour / Wild,Denmark,7.0
IPA - Sour / Wild,Germany,4.0
IPA - Sour / Wild,Luxembourg,4.0
IPA - White,United States of America,62.0
IPA - White,Poland,47.0
IPA - White,Canada,21.0
IPA - White,United Kingdom,11.0
IPA - White,Belgium,7.0
IPA - White,Spain,7.0
IPA - White,Bulgaria,4.0
IPA - White,Croatia,4.0
IPA - White,Denmark,4.0
IPA - White,Hungary,4.0
IPA - White,Netherlands,4.0
IPA - White,Serbia,4.0
IPA - White,Slovakia,4.0
ISA - Session IPA,United States of America,104.0
ISA - Session IPA,Poland,26.0
ISA - Session IPA,United Kingdom,15.0
ISA - Session IPA,Canada,11.0
ISA - Session IPA,Spain,7.0
ISA - Session IPA,Australia,4.0
ISA - Session IPA,Denmark,4.0
ISA - Session IPA,Ireland,4.0
ISA - Session IPA,Italy,4.0
ISA - Session IPA,Netherlands,4.0
ISA - Session IPA,Sweden,4.0
Kvass,Latvia,30.0
Kvass,Lithuania,28.0
Kvass,Estonia,18.0
Kvass,United States of America,17.0
Kvass,Ukraine,13.0
Kvass,Russia,11.0
Kvass,Belarus,10.0
Kvass,United Kingdom,7.0
Kvass,Poland,5.0
Kvass,Germany,3.0
Kölsch / Kölsch-Style,United States of America,124.0
Kölsch / Kölsch-Style,Canada,24.0
Kölsch / Kölsch-Style,Italy,7.0
Kölsch / Kölsch-Style,United Kingdom,7.0
Kölsch / Kölsch-Style,Denmark,3.0
Kölsch / Kölsch-Style,Germany,3.0
Kölsch / Kölsch-Style,Ireland,3.0
Lambic - Faro,Belgium,53.0
Lambic - Faro,United States of America,4.0
Lambic - Faro,Canada,3.0
Lambic - Faro,Denmark,3.0
Lambic - Flavored,Belgium,184.0
Lambic - Flavored,Denmark,12.0
Lambic - Flavored,United States of America,8.0
Lambic - Gueuze,Belgium,176.0
Lambic - Gueuze,United States of America,12.0
Lambic - Gueuze,Netherlands,8.0
Lambic - Gueuze,Australia,4.0
Lambic - Unblended Jonge / Oude,Belgium,125.0
Lambic - Unblended Jonge / Oude,Denmark,22.0
Lambic - Unblended Jonge / Oude,United Kingdom,11.0
Lambic - Unblended Jonge / Oude,United States of America,11.0
Lambic - Unblended Jonge / Oude,Italy,7.0
Lambic - Unblended Jonge / Oude,Netherlands,4.0
Lambic - Unblended Jonge / Oude,Norway,4.0
Lambic - Unblended Jonge / Oude,Poland,4.0
Low / No Alcohol Beer - Dark,United Kingdom,41.0
Low / No Alcohol Beer - Dark,Denmark,28.0
Low / No Alcohol Beer - Dark,Poland,24.0
Low / No Alcohol Beer - Dark,Germany,15.0
Low / No Alcohol Beer - Dark,United States of America,12.0
Low / No Alcohol Beer - Dark,Norway,9.0
Low / No Alcohol Beer - Dark,Sweden,6.0
Low / No Alcohol Beer - Dark,Belgium,3.0
Low / No Alcohol Beer - Dark,Lithuania,3.0
Low / No Alcohol Beer - Dark,Netherlands,3.0
Low / No Alcohol Beer - Dark,Slovakia,3.0
Low / No Alcohol Beer - Dark,Switzerland,3.0
Low / No Alcohol Beer - Pale,Poland,96.0
Low / No Alcohol Beer - Pale,United Kingdom,20.0
Low / No Alcohol Beer - Pale,Denmark,13.0
Low / No Alcohol Beer - Pale,Sweden,10.0
Low / No Alcohol Beer - Pale,New Zealand,6.0
Low / No Alcohol Beer - Pale,Belgium,3.0
Low / No Alcohol Beer - Pale,Croatia,3.0
Low / No Alcohol Beer - Pale,France,3.0
Low / No Alcohol Beer - Pale,Germany,3.0
Low / No Alcohol Beer - Pale,Netherlands,3.0
Low / No Alcohol Beer - Pale,Slovenia,3.0
Low / No Alcohol Beer - Pale,United States of America,3.0
Low / No Alcohol Beer - Wheat,Germany,80.0
Low / No Alcohol Beer - Wheat,Poland,21.0
Low / No Alcohol Beer - Wheat,Denmark,15.0
Low / No Alcohol Beer - Wheat,Netherlands,6.0
Low / No Alcohol Beer - Wheat,Austria,5.0
Low / No Alcohol Beer - Wheat,Estonia,3.0
Low / No Alcohol Beer - Wheat,Lithuania,3.0
Low / No Alcohol Beer - Wheat,Norway,3.0
Low / No Alcohol Beer - Wheat,United States of America,3.0
Malt Liquor,United States of America,103.0
Malt Liquor,Canada,15.0
Malt Liquor,Denmark,9.0
Malt Liquor,Belgium,3.0
Malt Liquor,Estonia,3.0
Malt Liquor,Finland,3.0
Malt Liquor,Mexico,3.0
Malt Liquor,Netherlands,3.0
Malt Liquor,India,2.0
Mead,United States of America,123.0
Mead,Poland,26.0
Mead,Canada,14.0
Mead,Denmark,11.0
Mead,Sweden,8.0
Mead,Slovakia,4.0
Mead - Braggot / Hopped,United States of America,83.0
Mead - Braggot / Hopped,Poland,44.0
Mead - Braggot / Hopped,Sweden,17.0
Mead - Braggot / Hopped,Denmark,7.0
Mead - Braggot / Hopped,Latvia,7.0
Mead - Braggot / Hopped,Spain,7.0
Mead - Braggot / Hopped,Canada,4.0
Mead - Braggot / Hopped,United Kingdom,4.0
Mead - Braggot / Hopped,Germany,3.0
Mead - Melomel / Fruited,United States of America,181.0
Mead - Melomel / Fruited,Sweden,16.0
Mead - Melomel / Fruited,Poland,8.0
Mead - Metheglin / Spiced / Herbs,United States of America,156.0
Mead - Metheglin / Spiced / Herbs,Poland,8.0
Mead - Metheglin / Spiced / Herbs,Sweden,7.0
Mead - Metheglin / Spiced / Herbs,Canada,4.0
Mead - Metheglin / Spiced / Herbs,Lithuania,4.0
Mead - Metheglin / Spiced / Herbs,Slovakia,4.0
Mead - Metheglin / Spiced / Herbs,United Kingdom,4.0
Mild Ale,United Kingdom,87.0
Mild Ale,United States of America,66.0
Mild Ale,Canada,10.0
Mild Ale,Italy,4.0
Mild Ale,Australia,3.0
Mild Ale,Sweden,3.0
Märzen / Oktoberfest Bier,United States of America,101.0
Märzen / Oktoberfest Bier,Germany,28.0
Märzen / Oktoberfest Bier,Canada,21.0
Märzen / Oktoberfest Bier,Poland,7.0
Märzen / Oktoberfest Bier,Sweden,7.0
Märzen / Oktoberfest Bier,United Kingdom,7.0
Märzen / Oktoberfest Bier,Japan,3.0
Old Ale,United States of America,112.0
Old Ale,United Kingdom,57.0
Old Ale,Denmark,8.0
Old Ale,Belgium,4.0
Old Ale,Canada,4.0
Old Ale,New Zealand,4.0
Old Ale,Poland,4.0
Pale Ale,United Kingdom,59.0
Pale Ale,Canada,24.0
Pale Ale,Germany,17.0
Pale Ale,Poland,17.0
Pale Ale,United States of America,17.0
Pale Ale,Croatia,7.0
Pale Ale,New Zealand,7.0
Pale Ale,Norway,7.0
Pale Ale,Sweden,7.0
Pale Ale,Estonia,4.0
Pale Ale,Finland,3.0
Pale Ale,Latvia,3.0
Pale Ale - American (APA),United States of America,115.0
Pale Ale - American (APA),United Kingdom,42.0
Pale Ale - American (APA),Poland,15.0
Pale Ale - American (APA),Canada,4.0
Pale Ale - American (APA),Czechia,4.0
Pale Ale - American (APA),Denmark,4.0
Pale Ale - American (APA),Ireland,4.0
Pale Ale - American (APA),New Zealand,4.0
Pale Ale - Australian / New Zealand,United Kingdom,78.0
Pale Ale - Australian / New Zealand,New Zealand,35.0
Pale Ale - Australian / New Zealand,Australia,21.0
Pale Ale - Australian / New Zealand,United States of America,14.0
Pale Ale - Australian / New Zealand,Canada,7.0
Pale Ale - Australian / New Zealand,Denmark,7.0
Pale Ale - Australian / New Zealand,Poland,7.0
Pale Ale - Australian / New Zealand,Germany,4.0
Pale Ale - Australian / New Zealand,Sweden,4.0
Pale Ale - Belgian / Farmhouse,United States of America,76.0
Pale Ale - Belgian / Farmhouse,Belgium,21.0
Pale Ale - Belgian / Farmhouse,United Kingdom,21.0
Pale Ale - Belgian / Farmhouse,France,10.0
Pale Ale - Belgian / Farmhouse,Canada,7.0
Pale Ale - Belgian / Farmhouse,Denmark,7.0
Pale Ale - Belgian / Farmhouse,Sweden,7.0
Pale Ale - Belgian / Farmhouse,Poland,6.0
Pale Ale - Belgian / Farmhouse,Australia,4.0
Pale Ale - Belgian / Farmhouse,Italy,4.0
Pale Ale - Belgian / Farmhouse,Netherlands,4.0
Pale Ale - Belgian / Farmhouse,Norway,3.0
Pale Ale - Belgian / Farmhouse,Ukraine,3.0
Pale Ale - English,United States of America,75.0
Pale Ale - English,Canada,17.0
Pale Ale - English,Netherlands,13.0
Pale Ale - English,Italy,10.0
Pale Ale - English,Sweden,10.0
Pale Ale - English,Australia,7.0
Pale Ale - English,Poland,7.0
Pale Ale - English,Denmark,3.0
Pale Ale - English,France,3.0
Pale Ale - English,Germany,3.0
Pale Ale - English,New Zealand,3.0
Pale Ale - English,Norway,3.0
Pale Ale - English,Spain,3.0
Pale Ale - English,Thailand,3.0
Pale Ale - English,United Kingdom,3.0
Pale Ale - English,Vietnam,3.0
Pale Ale - Flavored,United Kingdom,56.0
Pale Ale - Flavored,United States of America,39.0
Pale Ale - Flavored,Poland,28.0
Pale Ale - Flavored,Sweden,18.0
Pale Ale - Flavored,Denmark,14.0
Pale Ale - Flavored,Canada,11.0
Pale Ale - Flavored,Belgium,4.0
Pale Ale - Flavored,Hungary,4.0
Pale Ale - Flavored,Slovakia,3.0
Pale Ale - Hazy / New England,United States of America,172.0
Pale Ale - Hazy / New England,United Kingdom,23.0
Pale Ale - Rye,United States of America,112.0
Pale Ale - Rye,United Kingdom,21.0
Pale Ale - Rye,Canada,11.0
Pale Ale - Rye,Poland,11.0
Pale Ale - Rye,Netherlands,7.0
Pale Ale - Rye,Australia,4.0
Pale Ale - Rye,Germany,4.0
Pale Ale - Rye,Italy,4.0
Pale Ale - Rye,Belgium,3.0
Pale Lager - American,United States of America,99.0
Pale Lager - American,Canada,19.0
Pale Lager - American,United Kingdom,19.0
Pale Lager - American,Poland,14.0
Pale Lager - American,Denmark,6.0
Pale Lager - American,France,3.0
Pale Lager - Hoppy / India (IPL),United States of America,74.0
Pale Lager - Hoppy / India (IPL),Poland,29.0
Pale Lager - Hoppy / India (IPL),Canada,23.0
Pale Lager - Hoppy / India (IPL),Denmark,18.0
Pale Lager - Hoppy / India (IPL),Spain,11.0
Pale Lager - Hoppy / India (IPL),United Kingdom,11.0
Pale Lager - Hoppy / India (IPL),Croatia,4.0
Pale Lager - Hoppy / India (IPL),Czechia,4.0
Pale Lager - Hoppy / India (IPL),Estonia,4.0
Pale Lager - Hoppy / India (IPL),France,4.0
Pale Lager - Hoppy / India (IPL),Germany,4.0
Pale Lager - International / Premium,United States of America,52.0
Pale Lager - International / Premium,Denmark,24.0
Pale Lager - International / Premium,United Kingdom,24.0
Pale Lager - International / Premium,Poland,17.0
Pale Lager - International / Premium,Sweden,17.0
Pale Lager - International / Premium,Canada,11.0
Pale Lager - International / Premium,Australia,10.0
Pale Lager - International / Premium,Spain,7.0
Pale Lager - International / Premium,Belgium,3.0
Pale Lager - International / Premium,Lithuania,3.0
Pale Lager - International / Premium,New Zealand,3.0
Pale Lager - Strong,Poland,58.0
Pale Lager - Strong,United States of America,20.0
Pale Lager - Strong,Denmark,12.0
Pale Lager - Strong,Belgium,6.0
Pale Lager - Strong,Netherlands,6.0
Pale Lager - Strong,China,4.0
Pale Lager - Strong,Australia,3.0
Pale Lager - Strong,Canada,3.0
Pale Lager - Strong,Czechia,3.0
Pale Lager - Strong,Greece,3.0
Pale Lager - Strong,Hungary,3.0
Pale Lager - Strong,Lithuania,3.0
Pale Lager - Strong,New Zealand,3.0
Pale Lager - Strong,Spain,3.0
Pale Lager - Strong,Ukraine,3.0
Pale Lager - Strong,United Kingdom,3.0
Pale Lager - Strong,Belarus,2.0
Pale Lager - Strong,Israel,2.0
Pale Lager - Strong,Russia,2.0
Perry,United Kingdom,70.0
Perry,France,41.0
Perry,United States of America,27.0
Perry,Canada,13.0
Perry,Switzerland,7.0
Perry,Austria,3.0
Perry,Denmark,3.0
Perry,Luxembourg,3.0
Perry - Ice / Fortified,Canada,19.0
Perry - Ice / Fortified,Austria,11.0
Perry - Ice / Fortified,United Kingdom,7.0
Perry - Ice / Fortified,France,4.0
Perry - Ice / Fortified,Poland,4.0
Perry - Ice / Fortified,Switzerland,4.0
Pilsener - Bohemian / Czech,Czechia,54.0
Pilsener - Bohemian / Czech,Canada,51.0
Pilsener - Bohemian / Czech,United States of America,47.0
Pilsener - Bohemian / Czech,Poland,14.0
Pilsener - Bohemian / Czech,Japan,4.0
Pilsener - Bohemian / Czech,Slovakia,4.0
Pilsener - Bohemian / Czech,Sweden,4.0
Pilsener - Bohemian / Czech,United Kingdom,4.0
Pilsener - Imperial,United States of America,93.0
Pilsener - Imperial,Canada,14.0
Pilsener - Imperial,Denmark,10.0
Pilsener - Imperial,Austria,7.0
Pilsener - Imperial,Germany,7.0
Pilsener - Imperial,Italy,7.0
Pilsener - Imperial,Netherlands,7.0
Pilsener - Imperial,Czechia,4.0
Pilsener - Imperial,New Zealand,4.0
Pilsener - Imperial,Australia,3.0
Pilsener - Imperial,Belgium,3.0
Pilsener - Imperial,Chile,3.0
Pilsener - Imperial,Greece,3.0
Pilsener - Imperial,Spain,3.0
Pilsener - Imperial,United Kingdom,3.0
Pilsener / Pils / Pilsner,United States of America,88.0
Pilsener / Pils / Pilsner,Poland,29.0
Pilsener / Pils / Pilsner,Canada,18.0
Pilsener / Pils / Pilsner,United Kingdom,18.0
Pilsener / Pils / Pilsner,Germany,14.0
Pilsener / Pils / Pilsner,Italy,7.0
Pilsener / Pils / Pilsner,Spain,4.0
Pilsener / Pils / Pilsner,Sweden,4.0
Porter,United States of America,88.0
Porter,United Kingdom,57.0
Porter,Canada,11.0
Porter,Denmark,11.0
Porter,Italy,8.0
Porter,Estonia,4.0
Porter,New Zealand,4.0
Porter,Norway,4.0
Porter,Poland,4.0
Porter - Baltic,Poland,118.0
Porter - Baltic,United States of America,39.0
Porter - Baltic,Estonia,24.0
Porter - Baltic,Canada,8.0
Porter - Baltic,Finland,4.0
Porter - Baltic,Spain,4.0
Porter - Flavored,United States of America,106.0
Porter - Flavored,United Kingdom,38.0
Porter - Flavored,Denmark,11.0
Porter - Flavored,Estonia,11.0
Porter - Flavored,Canada,8.0
Porter - Flavored,Australia,4.0
Porter - Flavored,Croatia,4.0
Porter - Flavored,Netherlands,4.0
Porter - Flavored,Spain,4.0
Porter - Imperial,United States of America,102.0
Porter - Imperial,Denmark,28.0
Porter - Imperial,Netherlands,16.0
Porter - Imperial,United Kingdom,16.0
Porter - Imperial,New Zealand,8.0
Porter - Imperial,Norway,8.0
Porter - Imperial,Poland,8.0
Porter - Imperial,Italy,4.0
Porter - Imperial,Spain,4.0
Porter - Imperial,Sweden,4.0
Porter - Imperial Flavored,United States of America,155.0
Porter - Imperial Flavored,Sweden,20.0
Porter - Imperial Flavored,Netherlands,12.0
Porter - Imperial Flavored,Denmark,4.0
Porter - Imperial Flavored,Poland,4.0
Porter - Imperial Flavored,United Kingdom,4.0
Porter - Smoked,United States of America,86.0
Porter - Smoked,Poland,42.0
Porter - Smoked,United Kingdom,18.0
Porter - Smoked,Denmark,8.0
Porter - Smoked,Netherlands,7.0
Porter - Smoked,Austria,4.0
Porter - Smoked,Belgium,4.0
Porter - Smoked,Canada,4.0
Porter - Smoked,France,4.0
Porter - Smoked,Italy,4.0
Porter - Smoked,Romania,4.0
Porter - Smoked,Slovakia,4.0
Quadrupel / Abt,Belgium,60.0
Quadrupel / Abt,United States of America,51.0
Quadrupel / Abt,Poland,32.0
Quadrupel / Abt,Netherlands,19.0
Quadrupel / Abt,Norway,16.0
Quadrupel / Abt,Canada,12.0
Quadrupel / Abt,Denmark,4.0
Quadrupel / Abt,United Kingdom,4.0
Radler / Shandy,United States of America,101.0
Radler / Shandy,United Kingdom,22.0
Radler / Shandy,Canada,13.0
Radler / Shandy,Poland,7.0
Radler / Shandy,Germany,6.0
Radler / Shandy,Austria,3.0
Radler / Shandy,Belgium,3.0
Radler / Shandy,Denmark,3.0
Radler / Shandy,Italy,3.0
Red Ale - Imperial,United States of America,152.0
Red Ale - Imperial,Australia,15.0
Red Ale - Imperial,Netherlands,8.0
Red Ale - Imperial,Czechia,4.0
Red Ale - Imperial,Poland,4.0
Red Ale - Imperial,United Kingdom,4.0
Red Ale - Irish,United States of America,108.0
Red Ale - Irish,Ireland,14.0
Red Ale - Irish,Poland,10.0
Red Ale - Irish,Canada,7.0
Red Ale - Irish,Switzerland,7.0
Red Ale - Irish,Hungary,4.0
Red Ale - Irish,Japan,4.0
Red Ale - Irish,Luxembourg,4.0
Red Ale - Irish,Denmark,3.0
Red Ale - Irish,New Zealand,3.0
Red Ale - Irish,Sweden,3.0
Red Ale - Irish,United Kingdom,3.0
Red Ale / International Amber Ale,United States of America,112.0
Red Ale / International Amber Ale,United Kingdom,33.0
Red Ale / International Amber Ale,Australia,11.0
Red Ale / International Amber Ale,Denmark,7.0
Red Ale / International Amber Ale,Netherlands,7.0
Red Ale / International Amber Ale,Germany,4.0
Red Ale / International Amber Ale,Japan,4.0
Red Ale / International Amber Ale,New Zealand,4.0
Saison / Farmhouse - Dark,United States of America,127.0
Saison / Farmhouse - Dark,United Kingdom,18.0
Saison / Farmhouse - Dark,Belgium,14.0
Saison / Farmhouse - Dark,Japan,11.0
Saison / Farmhouse - Dark,Canada,7.0
Saison / Farmhouse - Dark,Denmark,4.0
Saison / Farmhouse - Flavored,United States of America,184.0
Saison / Farmhouse - Flavored,Belgium,4.0
Saison / Farmhouse - Flavored,Canada,4.0
Saison / Farmhouse - Flavored,Denmark,4.0
Saison / Farmhouse / Grisette,United States of America,186.0
Saison / Farmhouse / Grisette,Canada,8.0
Saison / Farmhouse / Grisette,Belgium,4.0
Saké - Daiginjo,Japan,77.0
Saké - Genshu,Japan,16.0
Saké - Genshu,United States of America,7.0
Saké - Genshu,Canada,3.0
Saké - Genshu,Norway,3.0
Saké - Ginjo,Japan,80.0
Saké - Ginjo,United States of America,36.0
Saké - Ginjo,Norway,3.0
Saké - Honjozo,Japan,34.0
Saké - Infused,Japan,30.0
Saké - Infused,United States of America,28.0
Saké - Infused,South Korea,3.0
Saké - Infused,Sweden,3.0
Saké - Junmai,Japan,91.0
Saké - Junmai,United States of America,17.0
Saké - Junmai,Norway,16.0
Saké - Junmai,Canada,7.0
Saké - Junmai,South Korea,3.0
Saké - Koshu,Japan,14.0
Saké - Koshu,Norway,3.0
Saké - Namasaké,Japan,27.0
Saké - Namasaké,United States of America,15.0
Saké - Namasaké,Canada,3.0
Saké - Nigori,Japan,53.0
Saké - Nigori,United States of America,23.0
Saké - Nigori,Canada,3.0
Saké - Nigori,Norway,3.0
Saké - Taru,Japan,20.0
Saké - Tokubetsu,Japan,32.0
Schwarzbier / Black Lager,United States of America,91.0
Schwarzbier / Black Lager,Germany,24.0
Schwarzbier / Black Lager,Canada,10.0
Schwarzbier / Black Lager,Italy,10.0
Schwarzbier / Black Lager,United Kingdom,10.0
Schwarzbier / Black Lager,Japan,7.0
Schwarzbier / Black Lager,Sweden,7.0
Schwarzbier / Black Lager,Austria,4.0
Schwarzbier / Black Lager,Belgium,4.0
Schwarzbier / Black Lager,Australia,3.0
Schwarzbier / Black Lager,Switzerland,3.0
Scotch Ale / Wee Heavy,United States of America,107.0
Scotch Ale / Wee Heavy,Canada,46.0
Scotch Ale / Wee Heavy,United Kingdom,15.0
Scotch Ale / Wee Heavy,Estonia,11.0
Scotch Ale / Wee Heavy,Spain,8.0
Scotch Ale / Wee Heavy,Poland,4.0
Scottish Ale,United States of America,132.0
Scottish Ale,Canada,13.0
Scottish Ale,Poland,7.0
Scottish Ale,Czechia,3.0
Scottish Ale,Denmark,3.0
Scottish Ale,Italy,3.0
Scottish Ale,Norway,3.0
Scottish Ale,United Kingdom,3.0
Smoked - Other,United States of America,55.0
Smoked - Other,Poland,52.0
Smoked - Other,United Kingdom,18.0
Smoked - Other,Belgium,11.0
Smoked - Other,Netherlands,11.0
Smoked - Other,Estonia,7.0
Smoked - Other,Italy,7.0
Smoked - Other,Canada,4.0
Smoked - Other,Finland,4.0
Smoked - Other,Germany,4.0
Smoked - Other,Iceland,4.0
Smoked - Other,Japan,4.0
Smoked - Other,Norway,4.0
Smoked - Rauchbier,Germany,52.0
Smoked - Rauchbier,United States of America,50.0
Smoked - Rauchbier,Poland,26.0
Smoked - Rauchbier,Canada,14.0
Smoked - Rauchbier,Czechia,7.0
Smoked - Rauchbier,Japan,7.0
Smoked - Rauchbier,Slovakia,7.0
Smoked - Rauchbier,Austria,4.0
Smoked - Rauchbier,Finland,4.0
Smoked - Rauchbier,New Zealand,4.0
Smoked - Rauchbier,Spain,4.0
Smoked - Rauchbier,Sweden,4.0
Sour / Wild Beer,United States of America,158.0
Sour / Wild Beer,Belgium,23.0
Sour / Wild Beer,Canada,8.0
Sour / Wild Beer,Denmark,4.0
Sour / Wild Beer,Switzerland,4.0
Sour / Wild Beer - Dark,United States of America,129.0
Sour / Wild Beer - Dark,Canada,15.0
Sour / Wild Beer - Dark,Poland,15.0
Sour / Wild Beer - Dark,Belgium,11.0
Sour / Wild Beer - Dark,United Kingdom,8.0
Sour / Wild Beer - Dark,Denmark,4.0
Sour / Wild Beer - Dark,Netherlands,4.0
Sour / Wild Beer - Dark,Norway,4.0
Sour / Wild Beer - Flavored,United States of America,173.0
Sour / Wild Beer - Flavored,Denmark,12.0
Sour / Wild Beer - Flavored,Belgium,8.0
Sour / Wild Beer - Flavored,Canada,4.0
Sour / Wild Beer - Flavored,Poland,4.0
Sour Flemish Ale - Flanders Red / Oud Bruin,United States of America,129.0
Sour Flemish Ale - Flanders Red / Oud Bruin,Belgium,36.0
Sour Flemish Ale - Flanders Red / Oud Bruin,Poland,8.0
Sour Flemish Ale - Flanders Red / Oud Bruin,United Kingdom,8.0
Sour Flemish Ale - Flanders Red / Oud Bruin,Denmark,4.0
Sour Flemish Ale - Flanders Red / Oud Bruin,Italy,4.0
Sour Flemish Ale - Flanders Red / Oud Bruin,New Zealand,4.0
Sour Flemish Ale - Flanders Red / Oud Bruin,Switzerland,4.0
Specialty Grain - Other,United States of America,65.0
Specialty Grain - Other,Canada,24.0
Specialty Grain - Other,Poland,21.0
Specialty Grain - Other,Belgium,14.0
Specialty Grain - Other,Japan,14.0
Specialty Grain - Other,Netherlands,10.0
Specialty Grain - Other,Finland,7.0
Specialty Grain - Other,Germany,7.0
Specialty Grain - Other,United Kingdom,7.0
Specialty Grain - Other,Austria,3.0
Specialty Grain - Rye / Roggenbier,United States of America,129.0
Specialty Grain - Rye / Roggenbier,United Kingdom,10.0
Specialty Grain - Rye / Roggenbier,Estonia,7.0
Specialty Grain - Rye / Roggenbier,Finland,7.0
Specialty Grain - Rye / Roggenbier,Poland,7.0
Specialty Grain - Rye / Roggenbier,Canada,4.0
Specialty Grain - Rye / Roggenbier,Germany,4.0
Specialty Grain - Rye / Roggenbier,Latvia,4.0
Specialty Grain - Rye / Roggenbier,Netherlands,4.0
Specialty Grain - Rye / Roggenbier,New Zealand,4.0
Stout,United States of America,122.0
Stout,United Kingdom,22.0
Stout,Canada,7.0
Stout,Japan,7.0
Stout,Poland,7.0
Stout,Australia,4.0
Stout,Czechia,4.0
Stout,Denmark,4.0
Stout,Finland,4.0
Stout,Norway,4.0
Stout - Dry / Irish,United States of America,75.0
Stout - Dry / Irish,United Kingdom,55.0
Stout - Dry / Irish,Poland,14.0
Stout - Dry / Irish,Canada,11.0
Stout - Dry / Irish,Ireland,11.0
Stout - Dry / Irish,Australia,7.0
Stout - Dry / Irish,Czechia,4.0
Stout - Dry / Irish,Denmark,4.0
Stout - Extra / Foreign / Tropical,United States of America,78.0
Stout - Extra / Foreign / Tropical,United Kingdom,34.0
Stout - Extra / Foreign / Tropical,Poland,27.0
Stout - Extra / Foreign / Tropical,Belgium,11.0
Stout - Extra / Foreign / Tropical,Denmark,8.0
Stout - Extra / Foreign / Tropical,Canada,7.0
Stout - Extra / Foreign / Tropical,Spain,7.0
Stout - Extra / Foreign / Tropical,Australia,4.0
Stout - Extra / Foreign / Tropical,Norway,4.0
Stout - Extra / Foreign / Tropical,Sri Lanka,4.0
Stout - Extra / Foreign / Tropical,Sweden,4.0
Stout - Flavored / Pastry,United States of America,135.0
Stout - Flavored / Pastry,Denmark,16.0
Stout - Flavored / Pastry,United Kingdom,16.0
Stout - Flavored / Pastry,Canada,12.0
Stout - Flavored / Pastry,Poland,8.0
Stout - Flavored / Pastry,Japan,4.0
Stout - Flavored / Pastry,New Zealand,4.0
Stout - Imperial,United States of America,141.0
Stout - Imperial,Sweden,17.0
Stout - Imperial,Belgium,12.0
Stout - Imperial,Denmark,12.0
Stout - Imperial,Netherlands,12.0
Stout - Imperial,Australia,4.0
Stout - Imperial,Poland,4.0
Stout - Imperial,United Kingdom,4.0
Stout - Imperial Flavored / Pastry,United States of America,174.0
Stout - Imperial Flavored / Pastry,Denmark,13.0
Stout - Imperial Flavored / Pastry,Sweden,8.0
Stout - Imperial Flavored / Pastry,Canada,4.0
Stout - Imperial Flavored / Pastry,Norway,4.0
Stout - Imperial Flavored / Pastry,Poland,4.0
Stout - Imperial Flavored / Pastry,United Kingdom,4.0
Stout - Milk / Sweet,United States of America,103.0
Stout - Milk / Sweet,United Kingdom,29.0
Stout - Milk / Sweet,Denmark,15.0
Stout - Milk / Sweet,Poland,15.0
Stout - Milk / Sweet,Australia,4.0
Stout - Milk / Sweet,Canada,4.0
Stout - Milk / Sweet,Ireland,4.0
Stout - Milk / Sweet,Netherlands,4.0
Stout - Milk / Sweet,New Zealand,4.0
Stout - Milk / Sweet,Slovakia,4.0
Stout - Oatmeal,United States of America,121.0
Stout - Oatmeal,Poland,22.0
Stout - Oatmeal,United Kingdom,18.0
Stout - Oatmeal,Canada,11.0
Stout - Oatmeal,Australia,4.0
Stout - Oatmeal,Austria,4.0
Stout - Oatmeal,Ireland,4.0
Strong Ale - American,United States of America,170.0
Strong Ale - American,Estonia,12.0
Strong Ale - American,Netherlands,8.0
Strong Ale - American,Norway,4.0
Strong Ale - American,Poland,4.0
Strong Ale - English,United Kingdom,84.0
Strong Ale - English,United States of America,57.0
Strong Ale - English,Netherlands,11.0
Strong Ale - English,Poland,11.0
Strong Ale - English,Canada,7.0
Strong Ale - English,Belgium,4.0
Strong Ale - English,Denmark,4.0
Strong Ale - English,Russia,4.0
Traditional Ale - Other,United States of America,81.0
Traditional Ale - Other,United Kingdom,26.0
Traditional Ale - Other,Denmark,18.0
Traditional Ale - Other,Norway,15.0
Traditional Ale - Other,Poland,15.0
Traditional Ale - Other,Canada,7.0
Traditional Ale - Other,Germany,7.0
Traditional Ale - Other,Belgium,4.0
Traditional Ale - Other,Japan,4.0
Traditional Ale - Other,Netherlands,4.0
Traditional Ale - Other,New Zealand,4.0
Tripel,Belgium,68.0
Tripel,Canada,49.0
Tripel,United States of America,49.0
Tripel,Italy,7.0
Tripel,Poland,7.0
Tripel,Brazil,4.0
Tripel,United Kingdom,4.0
Weissbier - Dunkelweizen,Germany,65.0
Weissbier - Dunkelweizen,United States of America,58.0
Weissbier - Dunkelweizen,Canada,17.0
Weissbier - Dunkelweizen,Japan,7.0
Weissbier - Dunkelweizen,United Kingdom,7.0
Weissbier - Dunkelweizen,Belgium,3.0
Weissbier - Dunkelweizen,Croatia,3.0
Weissbier - Dunkelweizen,Italy,3.0
Weissbier - Dunkelweizen,Norway,3.0
Weissbier - Dunkelweizen,Poland,3.0
Weissbier - Hefeweizen,United States of America,92.0
Weissbier - Hefeweizen,Germany,36.0
Weissbier - Hefeweizen,Poland,18.0
Weissbier - Hefeweizen,Canada,14.0
Weissbier - Hefeweizen,Japan,7.0
Weissbier - Hefeweizen,Croatia,4.0
Weissbier - Hefeweizen,United Kingdom,4.0
Weissbier - Hefeweizen,Spain,3.0
Weissbier - Kristallweizen,Germany,95.0
Weissbier - Kristallweizen,United States of America,32.0
Weissbier - Kristallweizen,Japan,9.0
Weissbier - Kristallweizen,United Kingdom,6.0
Weissbier - Kristallweizen,Russia,4.0
Weissbier - Kristallweizen,Austria,3.0
Weissbier - Kristallweizen,Canada,3.0
Weissbier - Kristallweizen,South Africa,3.0
Weissbier - Weizenbock,United States of America,72.0
Weissbier - Weizenbock,Germany,44.0
Weissbier - Weizenbock,Canada,22.0
Weissbier - Weizenbock,Japan,7.0
Weissbier - Weizenbock,Netherlands,7.0
Weissbier - Weizenbock,Poland,7.0
Weissbier - Weizenbock,United Kingdom,7.0
Weissbier - Weizenbock,Austria,4.0
Weissbier - Weizenbock,Czechia,4.0
Weissbier - Weizenbock,Luxembourg,4.0
Weissbier - Weizenbock,Spain,4.0
Wheat Ale,United States of America,71.0
Wheat Ale,Poland,42.0
Wheat Ale,United Kingdom,21.0
Wheat Ale,Belgium,14.0
Wheat Ale,Canada,7.0
Wheat Ale,Netherlands,7.0
Wheat Ale,Denmark,4.0
Wheat Ale,Ireland,4.0
Wheat Ale,Italy,4.0
Wheat Ale,Japan,4.0
Wheat Ale - India / Hopfenweisse,United Kingdom,42.0
Wheat Ale - India / Hopfenweisse,Germany,38.0
Wheat Ale - India / Hopfenweisse,United States of America,35.0
Wheat Ale - India / Hopfenweisse,Canada,14.0
Wheat Ale - India / Hopfenweisse,Netherlands,10.0
Wheat Ale - India / Hopfenweisse,Czechia,7.0
Wheat Ale - India / Hopfenweisse,Poland,7.0
Wheat Ale - India / Hopfenweisse,Belgium,4.0
Wheat Ale - India / Hopfenweisse,Austria,3.0
Wheat Ale - India / Hopfenweisse,Croatia,3.0
Wheat Ale - India / Hopfenweisse,Iceland,3.0
Wheat Ale - India / Hopfenweisse,Serbia,3.0
Wheat Ale - India / Hopfenweisse,Sweden,3.0
Witbier / Belgian White Ale,United States of America,72.0
Witbier / Belgian White Ale,Belgium,29.0
Witbier / Belgian White Ale,Canada,29.0
Witbier / Belgian White Ale,Poland,25.0
Witbier / Belgian White Ale,Japan,7.0
Witbier / Belgian White Ale,United Kingdom,7.0
Witbier / Belgian White Ale,France,4.0
Witbier / Belgian White Ale,Ireland,4.0
Witbier / Belgian White Ale,Sweden,4.0
Zwickelbier / Kellerbier / Landbier,Germany,112.0
Zwickelbier / Kellerbier / Landbier,United States of America,39.0
Zwickelbier / Kellerbier / Landbier,Canada,18.0
Zwickelbier / Kellerbier / Landbier,Sweden,7.0
Zwickelbier / Kellerbier / Landbier,Netherlands,4.0
